,page,product,link
0,1,"Save this listing
OPEN HOME TODAY
108 Marlow Street, Musselburgh
Offers Over $499,000
4
1
House",https://www.realestate.co.nz/42825406/residential/sale/108-marlow-street-musselburgh
1,1,"Save this listing
OPEN HOME TODAY
28 Bathgate Street, South Dunedin
Negotiation
3
2
House",https://www.realestate.co.nz/42809209/residential/sale/28-bathgate-street-south-dunedin
2,1,"Save this listing
248A Tirohanga Road, North Taieri
Negotiation
4
2
Lifestyle Property",https://www.realestate.co.nz/42790427/residential/sale/248a-tirohanga-road-north-taieri
3,1,"OPEN HOME TODAY
161 Main Road, Fairfield
Negotiation
2",https://www.realestate.co.nz/42800808/residential/sale/161-main-road-fairfield
4,1,,https://www.realestate.co.nz/42826534/residential/sale/27-normanby-street-saint-kilda
5,1,,https://www.realestate.co.nz/42766195/residential/sale/11-ings-avenue-saint-clair
6,1,,https://www.realestate.co.nz/42817914/residential/sale/22-glenelg-street-bradford
7,1,,https://www.realestate.co.nz/42826192/residential/sale/101-eglinton-road-mornington
8,1,,https://www.realestate.co.nz/42785233/residential/sale/2l-clayton-street-saint-clair
9,1,,https://www.realestate.co.nz/42804784/residential/sale/51-manor-place-dunedin-central
10,1,,https://www.realestate.co.nz/42826535/residential/sale/1-copeland-street-brighton
11,1,,https://www.realestate.co.nz/42822143/residential/sale/625-andersons-bay-road-musselburgh
12,1,,https://www.realestate.co.nz/42750192/residential/sale/30-stonelaw-terrace-maori-hill
13,1,,https://www.realestate.co.nz/42773358/residential/sale/930-harington-point-road-harington-point
14,1,,https://www.realestate.co.nz/42817423/residential/sale/5-montague-street-north-east-valley
15,1,,https://www.realestate.co.nz/42817613/residential/sale/59-burns-street-south-dunedin
16,1,,https://www.realestate.co.nz/42795384/residential/sale/975-harington-point-road-harington-point
17,1,,https://www.realestate.co.nz/42818246/residential/sale/81-gilkison-street-halfway-bush
18,1,"Share this listing
Save this listing
Listed 10 months ago
110 Melbourne Street, South Dunedin
INCREDIBLE DEVELOPMENT OPPORTUNITY
7724m2
Section
$5,400,000 Plus GST (if any)",https://www.realestate.co.nz/42617405/residential/sale/110-melbourne-street-south-dunedin
19,2,"Save this listing
OPEN HOME TODAY
24 Antrim Street, Normanby
Enquiries Over $469,000
3
1
House",https://www.realestate.co.nz/42818440/residential/sale/24-antrim-street-normanby
20,2,"Save this listing
OPEN HOME TODAY
23 Forfar Street, Mosgiel
Deadline Sale
3
1
Townhouse",https://www.realestate.co.nz/42825008/residential/sale/23-forfar-street-mosgiel
21,2,"Save this listing
14 Junction Road, Ravensbourne
$170,000
Section",https://www.realestate.co.nz/42787688/residential/sale/14-junction-road-ravensbourne
22,2,"1 Glenross Street, Glenross
Enquiries Over $539,000
3",https://www.realestate.co.nz/42812047/residential/sale/1-glenross-street-glenross
23,2,,https://www.realestate.co.nz/42750192/residential/sale/30-stonelaw-terrace-maori-hill
24,2,,https://www.realestate.co.nz/42826534/residential/sale/27-normanby-street-saint-kilda
25,2,,https://www.realestate.co.nz/42809739/residential/sale/5-torr-street-vauxhall
26,2,,https://www.realestate.co.nz/42817323/residential/sale/14-seaview-terrace-kew
27,2,,https://www.realestate.co.nz/42799281/residential/sale/50-anderton-crescent-mosgiel
28,2,,https://www.realestate.co.nz/42826274/residential/sale/136-riselaw-road-calton-hill
29,2,,https://www.realestate.co.nz/42744500/residential/sale/64-grimness-street-karitane
30,2,,https://www.realestate.co.nz/42816394/residential/sale/313-brighton-road-waldronville
31,2,,https://www.realestate.co.nz/42817423/residential/sale/5-montague-street-north-east-valley
32,2,,https://www.realestate.co.nz/42817823/residential/sale/29-franklin-street-dalmore
33,2,,https://www.realestate.co.nz/42748794/residential/sale/a-13-quarry-road-mosgiel
34,2,,https://www.realestate.co.nz/42826540/residential/sale/55-murray-street-mosgiel
35,2,,https://www.realestate.co.nz/42790427/residential/sale/248a-tirohanga-road-north-taieri
36,2,,https://www.realestate.co.nz/42824735/residential/sale/51-bayfield-road-andersons-bay
37,2,"Share this listing
Save this listing
Listed 10 months ago
110 Melbourne Street, South Dunedin
INCREDIBLE DEVELOPMENT OPPORTUNITY
7724m2
Section
$5,400,000 Plus GST (if any)",https://www.realestate.co.nz/42617405/residential/sale/110-melbourne-street-south-dunedin
38,3,"Save this listing
30 Richardson Street, Saint Kilda
Negotiation
3
1
House",https://www.realestate.co.nz/42817893/residential/sale/30-richardson-street-saint-kilda
39,3,"Save this listing
OPEN HOME TODAY
2 Centennial Road, Fairfield
Deadline Sale
3
1
House",https://www.realestate.co.nz/42828623/residential/sale/2-centennial-road-fairfield
40,3,"Save this listing
OPEN HOME TODAY
5 Torr Street, Vauxhall
Offers Over $1,750,000
4
3
House",https://www.realestate.co.nz/42809739/residential/sale/5-torr-street-vauxhall
41,3,"10 Geelong Street, Waikouaiti
Enquiries Over $775,000
3",https://www.realestate.co.nz/42799557/residential/sale/10-geelong-street-waikouaiti
42,3,,https://www.realestate.co.nz/42813664/residential/sale/c-92-eglinton-road-mornington
43,3,,https://www.realestate.co.nz/42748288/residential/sale/11-belgrave-crescent-kaikorai
44,3,,https://www.realestate.co.nz/42611826/residential/sale/195-wakari-road-helensburgh
45,3,,https://www.realestate.co.nz/42816872/residential/sale/14-upland-street-helensburgh
46,3,,https://www.realestate.co.nz/42829658/residential/sale/77-wesley-street-south-dunedin
47,3,,https://www.realestate.co.nz/42682158/residential/sale/448-taioma-road-north-taieri
48,3,,https://www.realestate.co.nz/42824735/residential/sale/51-bayfield-road-andersons-bay
49,3,,https://www.realestate.co.nz/42829946/residential/sale/44-turnbull-street-brockville
50,3,,https://www.realestate.co.nz/42790427/residential/sale/248a-tirohanga-road-north-taieri
51,3,,https://www.realestate.co.nz/42826544/residential/sale/19-silverton-street-andersons-bay
52,3,,https://www.realestate.co.nz/42631508/residential/sale/1-180-scott-street-waverley
53,3,,https://www.realestate.co.nz/42799281/residential/sale/50-anderton-crescent-mosgiel
54,3,,https://www.realestate.co.nz/42826534/residential/sale/27-normanby-street-saint-kilda
55,3,,https://www.realestate.co.nz/42783392/residential/sale/66-cliffs-road-saint-clair
56,3,"Share this listing
Save this listing
Listed 10 months ago
110 Melbourne Street, South Dunedin
INCREDIBLE DEVELOPMENT OPPORTUNITY
7724m2
Section
$5,400,000 Plus GST (if any)",https://www.realestate.co.nz/42617405/residential/sale/110-melbourne-street-south-dunedin
57,4,"Save this listing
64 Grimness Street, Karitane
Negotiation
Section",https://www.realestate.co.nz/42744500/residential/sale/64-grimness-street-karitane
58,4,"Save this listing
OPEN HOME TODAY
14 Seaview Terrace, KEW
Deadline Sale
3
1
House",https://www.realestate.co.nz/42817323/residential/sale/14-seaview-terrace-kew
59,4,"Save this listing
195 Wakari Road, Helensburgh
$350,000
Section",https://www.realestate.co.nz/42611711/residential/sale/195-wakari-road-helensburgh
60,4,"OPEN HOME TODAY
10 Harden Street, WOODHAUGH
$549,000
3",https://www.realestate.co.nz/42815383/residential/sale/10-harden-street-woodhaugh
61,4,,https://www.realestate.co.nz/42817423/residential/sale/5-montague-street-north-east-valley
62,4,,https://www.realestate.co.nz/42682158/residential/sale/448-taioma-road-north-taieri
63,4,,https://www.realestate.co.nz/42799763/residential/sale/6a-king-street-mosgiel
64,4,,https://www.realestate.co.nz/42822101/residential/sale/74-st-leonards-drive-saint-leonards
65,4,,https://www.realestate.co.nz/42817613/residential/sale/59-burns-street-south-dunedin
66,4,,https://www.realestate.co.nz/42817823/residential/sale/29-franklin-street-dalmore
67,4,,https://www.realestate.co.nz/42823739/residential/sale/67c-royal-crescent-saint-kilda
68,4,,https://www.realestate.co.nz/42826608/residential/sale/9-lowe-street-pine-hill
69,4,,https://www.realestate.co.nz/42804129/residential/sale/34a-highgate-belleknowes
70,4,,https://www.realestate.co.nz/42811125/residential/sale/138-coast-road-warrington
71,4,,https://www.realestate.co.nz/42809364/residential/sale/42-mckerrow-street-shiel-hill
72,4,,https://www.realestate.co.nz/42798089/residential/sale/64-mckerrow-street-shiel-hill
73,4,,https://www.realestate.co.nz/42816556/residential/sale/20-dorset-street-balaclava
74,4,,https://www.realestate.co.nz/42817491/residential/sale/167a-bay-view-road-south-dunedin
75,4,"Share this listing
Save this listing
Listed 10 months ago
110 Melbourne Street, South Dunedin
INCREDIBLE DEVELOPMENT OPPORTUNITY
7724m2
Section
$5,400,000 Plus GST (if any)",https://www.realestate.co.nz/42617405/residential/sale/110-melbourne-street-south-dunedin
76,5,"Save this listing
944 Harington Point Road, Harington Point
Negotiation
Section",https://www.realestate.co.nz/42778372/residential/sale/944-harington-point-road-harington-point
77,5,"Save this listing
30 Stonelaw Terrace, Maori Hill
Negotiation
5
3
House",https://www.realestate.co.nz/42750192/residential/sale/30-stonelaw-terrace-maori-hill
78,5,"Save this listing
OPEN HOME TODAY
34A Highgate, Belleknowes
Offers Over $889,000
3
2
House",https://www.realestate.co.nz/42804129/residential/sale/34a-highgate-belleknowes
79,5,"C/92 Eglinton Road, Mornington
Enquiries Over $439,000
2",https://www.realestate.co.nz/42813664/residential/sale/c-92-eglinton-road-mornington
80,5,,https://www.realestate.co.nz/42766195/residential/sale/11-ings-avenue-saint-clair
81,5,,https://www.realestate.co.nz/42826535/residential/sale/1-copeland-street-brighton
82,5,,https://www.realestate.co.nz/42829521/residential/sale/244-pine-hill-road-liberton
83,5,,https://www.realestate.co.nz/42809364/residential/sale/42-mckerrow-street-shiel-hill
84,5,,https://www.realestate.co.nz/42762595/residential/sale/32-adderley-terrace-ravensbourne
85,5,,https://www.realestate.co.nz/42821137/residential/sale/34-elm-row-dunedin-central
86,5,,https://www.realestate.co.nz/42787139/residential/sale/7-hoylake-street-outram
87,5,,https://www.realestate.co.nz/42824329/residential/sale/32-panmure-avenue-calton-hill
88,5,,https://www.realestate.co.nz/42824752/residential/sale/44-brighton-road-green-island
89,5,,https://www.realestate.co.nz/42743508/residential/sale/17-freyberg-road-fairfield
90,5,,https://www.realestate.co.nz/42825290/residential/sale/a-62-david-street-caversham
91,5,,https://www.realestate.co.nz/42809209/residential/sale/28-bathgate-street-south-dunedin
92,5,,https://www.realestate.co.nz/42817893/residential/sale/30-richardson-street-saint-kilda
93,5,,https://www.realestate.co.nz/42824903/residential/sale/177-albany-street-north-dunedin
94,5,"Share this listing
Save this listing
Listed 10 months ago
110 Melbourne Street, South Dunedin
INCREDIBLE DEVELOPMENT OPPORTUNITY
7724m2
Section
$5,400,000 Plus GST (if any)",https://www.realestate.co.nz/42617405/residential/sale/110-melbourne-street-south-dunedin
95,6,"Save this listing
2/60 Ann Street, Kaikorai
Negotiation
3
3
House",https://www.realestate.co.nz/42579522/residential/sale/2-60-ann-street-kaikorai
96,6,"Save this listing
OPEN HOME TODAY
625 Andersons Bay Road, Musselburgh
Auction
2
1
House",https://www.realestate.co.nz/42822143/residential/sale/625-andersons-bay-road-musselburgh
97,6,"Save this listing
DEADLINE: 30 JUL 2025
1140 Coast Road, Karitane, Dunedin Central
Deadline Sale
7
6
Home & Income",https://www.realestate.co.nz/42796384/residential/sale/1140-coast-road-karitane-dunedin-central
98,6,"AUCTION IN 2 WEEKS
43 Arawa Street, Tainui
Auction
Section",https://www.realestate.co.nz/42825689/residential/sale/43-arawa-street-tainui
99,6,,https://www.realestate.co.nz/42824233/residential/sale/53-lawrence-street-mornington
100,6,,https://www.realestate.co.nz/42611711/residential/sale/195-wakari-road-helensburgh
101,6,,https://www.realestate.co.nz/42787139/residential/sale/7-hoylake-street-outram
102,6,,https://www.realestate.co.nz/42750192/residential/sale/30-stonelaw-terrace-maori-hill
103,6,,https://www.realestate.co.nz/42817298/residential/sale/19-tweed-street-roslyn
104,6,,https://www.realestate.co.nz/42807571/residential/sale/62-ascot-street-saint-kilda
105,6,,https://www.realestate.co.nz/42830112/residential/sale/a-41-rona-street-saint-kilda
106,6,,https://www.realestate.co.nz/42761532/residential/sale/3-strathmore-crescent-roslyn
107,6,,https://www.realestate.co.nz/42749951/residential/sale/35-green-island-bush-road-blackhead
108,6,,https://www.realestate.co.nz/42828623/residential/sale/2-centennial-road-fairfield
109,6,,https://www.realestate.co.nz/42815388/residential/sale/27-27a-brunel-street-mornington
110,6,,https://www.realestate.co.nz/42826274/residential/sale/136-riselaw-road-calton-hill
111,6,,https://www.realestate.co.nz/42814277/residential/sale/40-and-42-waldron-crescent-green-island
112,6,,https://www.realestate.co.nz/42752374/residential/sale/34-arran-street-mosgiel
113,6,"Share this listing
Save this listing
Listed 10 months ago
110 Melbourne Street, South Dunedin
INCREDIBLE DEVELOPMENT OPPORTUNITY
7724m2
Section
$5,400,000 Plus GST (if any)",https://www.realestate.co.nz/42617405/residential/sale/110-melbourne-street-south-dunedin
114,7,,https://www.realestate.co.nz/42821380/residential/sale/2-waireka-street-ravensbourne
115,7,,https://www.realestate.co.nz/42817491/residential/sale/167a-bay-view-road-south-dunedin
116,7,,https://www.realestate.co.nz/42817823/residential/sale/29-franklin-street-dalmore
117,7,"Save this listing
64 McKerrow Street, Shiel Hill
Enquiries Over $849,000
3
3
House",https://www.realestate.co.nz/42798089/residential/sale/64-mckerrow-street-shiel-hill
118,7,"Save this listing
1/180 Scott Street, Waverley
Negotiation
2
3
House",https://www.realestate.co.nz/42631508/residential/sale/1-180-scott-street-waverley
119,7,"Save this listing
OPEN HOME TODAY
5 Torr Street, Vauxhall
Offers Over $1,750,000
4
3
House",https://www.realestate.co.nz/42809739/residential/sale/5-torr-street-vauxhall
120,7,"50 Anderton Crescent, Mosgiel
$1,100,000
4",https://www.realestate.co.nz/42799281/residential/sale/50-anderton-crescent-mosgiel
121,7,,https://www.realestate.co.nz/42812047/residential/sale/1-glenross-street-glenross
122,7,,https://www.realestate.co.nz/42820834/residential/sale/16-pinfold-place-mosgiel
123,7,,https://www.realestate.co.nz/42821646/residential/sale/41-43-45a-canongate-dunedin-central
124,7,,https://www.realestate.co.nz/42829521/residential/sale/244-pine-hill-road-liberton
125,7,,https://www.realestate.co.nz/42826059/residential/sale/43-oregon-street-ocean-grove
126,7,,https://www.realestate.co.nz/42829824/residential/sale/11-merlin-street-roslyn
127,7,,https://www.realestate.co.nz/42809035/residential/sale/36-marlow-street-units-1-8-saint-kilda
128,7,,https://www.realestate.co.nz/42817893/residential/sale/30-richardson-street-saint-kilda
129,7,,https://www.realestate.co.nz/42825008/residential/sale/23-forfar-street-mosgiel
130,7,,https://www.realestate.co.nz/42830315/residential/sale/1-wynyard-street-south-dunedin
131,7,,https://www.realestate.co.nz/42817162/residential/sale/k-20-brighton-road-green-island
132,7,"Share this listing
Save this listing
Listed 10 months ago
110 Melbourne Street, South Dunedin
INCREDIBLE DEVELOPMENT OPPORTUNITY
7724m2
Section
$5,400,000 Plus GST (if any)",https://www.realestate.co.nz/42617405/residential/sale/110-melbourne-street-south-dunedin
133,8,"Save this listing
OPEN HOME TODAY
27 Normanby Street, Saint Kilda
Deadline Sale
3
1
House",https://www.realestate.co.nz/42826534/residential/sale/27-normanby-street-saint-kilda
134,8,"Save this listing
462 Waitati Valley Road, Upper Waitati
Buyer Interest From $1,200,000 Plus GST (if any)
3
1
Lifestyle Property",https://www.realestate.co.nz/42819682/rural/sale/462-waitati-valley-road-upper-waitati
135,8,"Save this listing
32 Adderley Terrace, Ravensbourne
Offers Over $619,000
4
2
House",https://www.realestate.co.nz/42762595/residential/sale/32-adderley-terrace-ravensbourne
136,8,"OPEN HOME TODAY
11 Merlin Street, Roslyn
Auction
2",https://www.realestate.co.nz/42829824/residential/sale/11-merlin-street-roslyn
137,8,,https://www.realestate.co.nz/42823001/residential/sale/12-dryden-street-mosgiel
138,8,,https://www.realestate.co.nz/42830112/residential/sale/a-41-rona-street-saint-kilda
139,8,,https://www.realestate.co.nz/42817613/residential/sale/59-burns-street-south-dunedin
140,8,,https://www.realestate.co.nz/42822143/residential/sale/625-andersons-bay-road-musselburgh
141,8,,https://www.realestate.co.nz/42820684/residential/sale/8-elmwood-drive-mosgiel
142,8,,https://www.realestate.co.nz/42777107/residential/sale/56-drivers-road-maori-hill
143,8,,https://www.realestate.co.nz/42817298/residential/sale/19-tweed-street-roslyn
144,8,,https://www.realestate.co.nz/42812047/residential/sale/1-glenross-street-glenross
145,8,,https://www.realestate.co.nz/42820834/residential/sale/16-pinfold-place-mosgiel
146,8,,https://www.realestate.co.nz/42822654/residential/sale/8-doon-street-mosgiel
147,8,,https://www.realestate.co.nz/42817366/residential/sale/6-doon-street-vauxhall
148,8,,https://www.realestate.co.nz/42797512/residential/sale/2a-braeside-east-taieri-mosgiel
149,8,,https://www.realestate.co.nz/42829946/residential/sale/44-turnbull-street-brockville
150,8,,https://www.realestate.co.nz/42829658/residential/sale/77-wesley-street-south-dunedin
151,8,"Share this listing
Save this listing
Listed 10 months ago
110 Melbourne Street, South Dunedin
INCREDIBLE DEVELOPMENT OPPORTUNITY
7724m2
Section
$5,400,000 Plus GST (if any)",https://www.realestate.co.nz/42617405/residential/sale/110-melbourne-street-south-dunedin
152,9,"Save this listing
TENDER IN 3 WEEKS
77 Wesley Street, South Dunedin
Tender
3
1
House",https://www.realestate.co.nz/42829658/residential/sale/77-wesley-street-south-dunedin
153,9,"Save this listing
OPEN HOME TODAY
6 Fenty Place, Mosgiel
Negotiation
5
2
House",https://www.realestate.co.nz/42821645/residential/sale/6-fenty-place-mosgiel
154,9,"Save this listing
51 Manor Place, Dunedin Central
Negotiation
7
5
House",https://www.realestate.co.nz/42804784/residential/sale/51-manor-place-dunedin-central
155,9,"8 Elmwood Drive, Mosgiel
$585,000
3",https://www.realestate.co.nz/42820684/residential/sale/8-elmwood-drive-mosgiel
156,9,,https://www.realestate.co.nz/42826610/residential/sale/26-carson-street-mornington
157,9,,https://www.realestate.co.nz/42787688/residential/sale/14-junction-road-ravensbourne
158,9,,https://www.realestate.co.nz/42811125/residential/sale/138-coast-road-warrington
159,9,,https://www.realestate.co.nz/42799763/residential/sale/6a-king-street-mosgiel
160,9,,https://www.realestate.co.nz/42816394/residential/sale/313-brighton-road-waldronville
161,9,,https://www.realestate.co.nz/42816556/residential/sale/20-dorset-street-balaclava
162,9,,https://www.realestate.co.nz/42828455/residential/sale/17-viscount-road-waldronville
163,9,,https://www.realestate.co.nz/42755572/residential/sale/25-highgrove-saint-clair
164,9,,https://www.realestate.co.nz/42821137/residential/sale/34-elm-row-dunedin-central
165,9,,https://www.realestate.co.nz/42803283/residential/sale/242-helensburgh-road-helensburgh
166,9,,https://www.realestate.co.nz/42817298/residential/sale/19-tweed-street-roslyn
167,9,,https://www.realestate.co.nz/42812047/residential/sale/1-glenross-street-glenross
168,9,,https://www.realestate.co.nz/42826192/residential/sale/101-eglinton-road-mornington
169,9,,https://www.realestate.co.nz/42807571/residential/sale/62-ascot-street-saint-kilda
170,9,"Share this listing
Save this listing
Listed 10 months ago
110 Melbourne Street, South Dunedin
INCREDIBLE DEVELOPMENT OPPORTUNITY
7724m2
Section
$5,400,000 Plus GST (if any)",https://www.realestate.co.nz/42617405/residential/sale/110-melbourne-street-south-dunedin
171,10,"Save this listing
TENDER IN 3 WEEKS
77 Wesley Street, South Dunedin
Tender
3
1
House",https://www.realestate.co.nz/42829658/residential/sale/77-wesley-street-south-dunedin
172,10,"Save this listing
32 Panmure Avenue, Calton Hill
Negotiation
4
1
House",https://www.realestate.co.nz/42824329/residential/sale/32-panmure-avenue-calton-hill
173,10,"Save this listing
OPEN HOME TODAY
34 Arran Street, Mosgiel
Negotiation
3
2
House",https://www.realestate.co.nz/42752374/residential/sale/34-arran-street-mosgiel
174,10,"OPEN HOME TODAY
17 Freyberg Road, Fairfield
Negotiation
3",https://www.realestate.co.nz/42743508/residential/sale/17-freyberg-road-fairfield
175,10,,https://www.realestate.co.nz/42830315/residential/sale/1-wynyard-street-south-dunedin
176,10,,https://www.realestate.co.nz/42822101/residential/sale/74-st-leonards-drive-saint-leonards
177,10,,https://www.realestate.co.nz/42631508/residential/sale/1-180-scott-street-waverley
178,10,,https://www.realestate.co.nz/42820726/residential/sale/10-crosby-street-mornington
179,10,,https://www.realestate.co.nz/42777107/residential/sale/56-drivers-road-maori-hill
180,10,,https://www.realestate.co.nz/42826540/residential/sale/55-murray-street-mosgiel
181,10,,https://www.realestate.co.nz/42826274/residential/sale/136-riselaw-road-calton-hill
182,10,,https://www.realestate.co.nz/42579522/residential/sale/2-60-ann-street-kaikorai
183,10,,https://www.realestate.co.nz/42821645/residential/sale/6-fenty-place-mosgiel
184,10,,https://www.realestate.co.nz/42682158/residential/sale/448-taioma-road-north-taieri
185,10,,https://www.realestate.co.nz/42799557/residential/sale/10-geelong-street-waikouaiti
186,10,,https://www.realestate.co.nz/42824233/residential/sale/53-lawrence-street-mornington
187,10,,https://www.realestate.co.nz/42795384/residential/sale/975-harington-point-road-harington-point
188,10,,https://www.realestate.co.nz/42611711/residential/sale/195-wakari-road-helensburgh
189,10,"Share this listing
Save this listing
Listed 10 months ago
110 Melbourne Street, South Dunedin
INCREDIBLE DEVELOPMENT OPPORTUNITY
7724m2
Section
$5,400,000 Plus GST (if any)",https://www.realestate.co.nz/42617405/residential/sale/110-melbourne-street-south-dunedin
190,11,"Save this listing
16 McCarthy Court, East Taieri
Negotiation
4
3
House",https://www.realestate.co.nz/42821679/residential/sale/16-mccarthy-court-east-taieri
191,11,"Save this listing
OPEN HOME TODAY
18 Doon Street, Mosgiel
Deadline Sale
3
1
House",https://www.realestate.co.nz/42830641/residential/sale/18-doon-street-mosgiel
192,11,"Save this listing
OPEN HOME IN 1 WEEK
53 Lawrence Street, Mornington
Negotiation
3
1
House",https://www.realestate.co.nz/42824233/residential/sale/53-lawrence-street-mornington
193,11,"OPEN HOME TODAY
28 Bathgate Street, South Dunedin
Negotiation
3",https://www.realestate.co.nz/42809209/residential/sale/28-bathgate-street-south-dunedin
194,11,,https://www.realestate.co.nz/42825008/residential/sale/23-forfar-street-mosgiel
195,11,,https://www.realestate.co.nz/42750192/residential/sale/30-stonelaw-terrace-maori-hill
196,11,,https://www.realestate.co.nz/42817491/residential/sale/167a-bay-view-road-south-dunedin
197,11,,https://www.realestate.co.nz/42826540/residential/sale/55-murray-street-mosgiel
198,11,,https://www.realestate.co.nz/42818440/residential/sale/24-antrim-street-normanby
199,11,,https://www.realestate.co.nz/42826608/residential/sale/9-lowe-street-pine-hill
200,11,,https://www.realestate.co.nz/42815388/residential/sale/27-27a-brunel-street-mornington
201,11,,https://www.realestate.co.nz/42821867/residential/sale/20h-brighton-road-green-island
202,11,,https://www.realestate.co.nz/42803283/residential/sale/242-helensburgh-road-helensburgh
203,11,,https://www.realestate.co.nz/42825406/residential/sale/108-marlow-street-musselburgh
204,11,,https://www.realestate.co.nz/42816394/residential/sale/313-brighton-road-waldronville
205,11,,https://www.realestate.co.nz/42790427/residential/sale/248a-tirohanga-road-north-taieri
206,11,,https://www.realestate.co.nz/42755553/residential/sale/1-2-clayton-street-saint-clair
207,11,,https://www.realestate.co.nz/42631508/residential/sale/1-180-scott-street-waverley
208,11,"Share this listing
Save this listing
Listed 10 months ago
110 Melbourne Street, South Dunedin
INCREDIBLE DEVELOPMENT OPPORTUNITY
7724m2
Section
$5,400,000 Plus GST (if any)",https://www.realestate.co.nz/42617405/residential/sale/110-melbourne-street-south-dunedin
209,12,"Save this listing
11 Ings Avenue, Saint Clair
Negotiation
5
2
House",https://www.realestate.co.nz/42766195/residential/sale/11-ings-avenue-saint-clair
210,12,"Save this listing
177 Albany Street, North Dunedin
$725,000
5
1
House",https://www.realestate.co.nz/42824903/residential/sale/177-albany-street-north-dunedin
211,12,"Save this listing
51 Manor Place, Dunedin Central
Negotiation
7
5
House",https://www.realestate.co.nz/42804784/residential/sale/51-manor-place-dunedin-central
212,12,"56 Drivers Road, Maori Hill
Offers Over $819,000
3",https://www.realestate.co.nz/42777107/residential/sale/56-drivers-road-maori-hill
213,12,,https://www.realestate.co.nz/42809364/residential/sale/42-mckerrow-street-shiel-hill
214,12,,https://www.realestate.co.nz/42815388/residential/sale/27-27a-brunel-street-mornington
215,12,,https://www.realestate.co.nz/42682158/residential/sale/448-taioma-road-north-taieri
216,12,,https://www.realestate.co.nz/42816556/residential/sale/20-dorset-street-balaclava
217,12,,https://www.realestate.co.nz/42798089/residential/sale/64-mckerrow-street-shiel-hill
218,12,,https://www.realestate.co.nz/42829855/residential/sale/49-baker-street-caversham
219,12,,https://www.realestate.co.nz/42579522/residential/sale/2-60-ann-street-kaikorai
220,12,,https://www.realestate.co.nz/42752374/residential/sale/34-arran-street-mosgiel
221,12,,https://www.realestate.co.nz/42825820/residential/sale/375-rattray-street-dunedin-central
222,12,,https://www.realestate.co.nz/42817491/residential/sale/167a-bay-view-road-south-dunedin
223,12,,https://www.realestate.co.nz/42611711/residential/sale/195-wakari-road-helensburgh
224,12,,https://www.realestate.co.nz/42787688/residential/sale/14-junction-road-ravensbourne
225,12,,https://www.realestate.co.nz/42827824/residential/sale/8-flower-street-fairfield
226,12,,https://www.realestate.co.nz/42777857/residential/sale/10-garfield-avenue-roslyn
227,12,"Share this listing
Save this listing
Listed 10 months ago
110 Melbourne Street, South Dunedin
INCREDIBLE DEVELOPMENT OPPORTUNITY
7724m2
Section
$5,400,000 Plus GST (if any)",https://www.realestate.co.nz/42617405/residential/sale/110-melbourne-street-south-dunedin
228,13,"Save this listing
16 McCarthy Court, East Taieri
Negotiation
4
3
House",https://www.realestate.co.nz/42821679/residential/sale/16-mccarthy-court-east-taieri
229,13,"Save this listing
OPEN HOME TODAY
18 Doon Street, Mosgiel
Deadline Sale
3
1
House",https://www.realestate.co.nz/42830641/residential/sale/18-doon-street-mosgiel
230,13,"Save this listing
OPEN HOME IN 1 WEEK
53 Lawrence Street, Mornington
Negotiation
3
1
House",https://www.realestate.co.nz/42824233/residential/sale/53-lawrence-street-mornington
231,13,"OPEN HOME TODAY
28 Bathgate Street, South Dunedin
Negotiation
3",https://www.realestate.co.nz/42809209/residential/sale/28-bathgate-street-south-dunedin
232,13,,https://www.realestate.co.nz/42825008/residential/sale/23-forfar-street-mosgiel
233,13,,https://www.realestate.co.nz/42750192/residential/sale/30-stonelaw-terrace-maori-hill
234,13,,https://www.realestate.co.nz/42817491/residential/sale/167a-bay-view-road-south-dunedin
235,13,,https://www.realestate.co.nz/42826540/residential/sale/55-murray-street-mosgiel
236,13,,https://www.realestate.co.nz/42818440/residential/sale/24-antrim-street-normanby
237,13,,https://www.realestate.co.nz/42826608/residential/sale/9-lowe-street-pine-hill
238,13,,https://www.realestate.co.nz/42815388/residential/sale/27-27a-brunel-street-mornington
239,13,,https://www.realestate.co.nz/42821867/residential/sale/20h-brighton-road-green-island
240,13,,https://www.realestate.co.nz/42803283/residential/sale/242-helensburgh-road-helensburgh
241,13,,https://www.realestate.co.nz/42825406/residential/sale/108-marlow-street-musselburgh
242,13,,https://www.realestate.co.nz/42816394/residential/sale/313-brighton-road-waldronville
243,13,,https://www.realestate.co.nz/42790427/residential/sale/248a-tirohanga-road-north-taieri
244,13,,https://www.realestate.co.nz/42755553/residential/sale/1-2-clayton-street-saint-clair
245,13,,https://www.realestate.co.nz/42631508/residential/sale/1-180-scott-street-waverley
246,13,"Share this listing
Save this listing
Listed 10 months ago
110 Melbourne Street, South Dunedin
INCREDIBLE DEVELOPMENT OPPORTUNITY
7724m2
Section
$5,400,000 Plus GST (if any)",https://www.realestate.co.nz/42617405/residential/sale/110-melbourne-street-south-dunedin
247,14,"Save this listing
OPEN HOME TODAY
63 Cliffs Road, Saint Clair
Negotiation
3
2
House",https://www.realestate.co.nz/42666970/residential/sale/63-cliffs-road-saint-clair
248,14,"Save this listing
14 Upland Street, Helensburgh
Negotiation
4
2
House",https://www.realestate.co.nz/42816872/residential/sale/14-upland-street-helensburgh
249,14,"Save this listing
OPEN HOME TODAY
23 Forfar Street, Mosgiel
Deadline Sale
3
1
Townhouse",https://www.realestate.co.nz/42825008/residential/sale/23-forfar-street-mosgiel
250,14,"OPEN HOME TODAY
62 Ascot Street, Saint Kilda
Negotiation
4",https://www.realestate.co.nz/42807571/residential/sale/62-ascot-street-saint-kilda
251,14,,https://www.realestate.co.nz/42798089/residential/sale/64-mckerrow-street-shiel-hill
252,14,,https://www.realestate.co.nz/42797512/residential/sale/2a-braeside-east-taieri-mosgiel
253,14,,https://www.realestate.co.nz/42822654/residential/sale/8-doon-street-mosgiel
254,14,,https://www.realestate.co.nz/42817914/residential/sale/22-glenelg-street-bradford
255,14,,https://www.realestate.co.nz/42829855/residential/sale/49-baker-street-caversham
256,14,,https://www.realestate.co.nz/42824903/residential/sale/177-albany-street-north-dunedin
257,14,,https://www.realestate.co.nz/42773372/residential/sale/928-harington-point-road-harington-point
258,14,,https://www.realestate.co.nz/42579522/residential/sale/2-60-ann-street-kaikorai
259,14,,https://www.realestate.co.nz/42748288/residential/sale/11-belgrave-crescent-kaikorai
260,14,,https://www.realestate.co.nz/42777857/residential/sale/10-garfield-avenue-roslyn
261,14,,https://www.realestate.co.nz/42826535/residential/sale/1-copeland-street-brighton
262,14,,https://www.realestate.co.nz/42818005/residential/sale/4-elwyn-crescent-green-island
263,14,,https://www.realestate.co.nz/42752374/residential/sale/34-arran-street-mosgiel
264,14,,https://www.realestate.co.nz/42820834/residential/sale/16-pinfold-place-mosgiel
265,14,"Share this listing
Save this listing
Listed 10 months ago
110 Melbourne Street, South Dunedin
INCREDIBLE DEVELOPMENT OPPORTUNITY
7724m2
Section
$5,400,000 Plus GST (if any)",https://www.realestate.co.nz/42617405/residential/sale/110-melbourne-street-south-dunedin
266,15,"Save this listing
2 Waireka Street, Ravensbourne
Negotiation
4
2
House",https://www.realestate.co.nz/42821380/residential/sale/2-waireka-street-ravensbourne
267,15,"Save this listing
64 Grimness Street, Karitane
Negotiation
Section",https://www.realestate.co.nz/42744500/residential/sale/64-grimness-street-karitane
268,15,"Save this listing
1 Copeland Street, Brighton
Negotiation
1
1
House",https://www.realestate.co.nz/42826535/residential/sale/1-copeland-street-brighton
269,15,"313 Brighton Road, Waldronville
Offers Over $649,000
3",https://www.realestate.co.nz/42816394/residential/sale/313-brighton-road-waldronville
270,15,,https://www.realestate.co.nz/42817423/residential/sale/5-montague-street-north-east-valley
271,15,,https://www.realestate.co.nz/42830112/residential/sale/a-41-rona-street-saint-kilda
272,15,,https://www.realestate.co.nz/42829521/residential/sale/244-pine-hill-road-liberton
273,15,,https://www.realestate.co.nz/42815415/residential/sale/14-elizabeth-avenue-east-taieri
274,15,,https://www.realestate.co.nz/42748288/residential/sale/11-belgrave-crescent-kaikorai
275,15,,https://www.realestate.co.nz/42829855/residential/sale/49-baker-street-caversham
276,15,,https://www.realestate.co.nz/42825406/residential/sale/108-marlow-street-musselburgh
277,15,,https://www.realestate.co.nz/42809739/residential/sale/5-torr-street-vauxhall
278,15,,https://www.realestate.co.nz/42611826/residential/sale/195-wakari-road-helensburgh
279,15,,https://www.realestate.co.nz/42762595/residential/sale/32-adderley-terrace-ravensbourne
280,15,,https://www.realestate.co.nz/42809035/residential/sale/36-marlow-street-units-1-8-saint-kilda
281,15,,https://www.realestate.co.nz/42830315/residential/sale/1-wynyard-street-south-dunedin
282,15,,https://www.realestate.co.nz/42826059/residential/sale/43-oregon-street-ocean-grove
283,15,,https://www.realestate.co.nz/42812047/residential/sale/1-glenross-street-glenross
284,15,"Share this listing
Save this listing
Listed 10 months ago
110 Melbourne Street, South Dunedin
INCREDIBLE DEVELOPMENT OPPORTUNITY
7724m2
Section
$5,400,000 Plus GST (if any)",https://www.realestate.co.nz/42617405/residential/sale/110-melbourne-street-south-dunedin
285,16,"Save this listing
OPEN HOME TODAY
43 Oregon Street, Ocean Grove
Negotiation
5
2
House",https://www.realestate.co.nz/42826059/residential/sale/43-oregon-street-ocean-grove
286,16,"Save this listing
OPEN HOME TODAY
1/2 Clayton Street, Saint Clair
Offers Over $1,349,000
4
3
House",https://www.realestate.co.nz/42755553/residential/sale/1-2-clayton-street-saint-clair
287,16,"Save this listing
TENDER IN 3 WEEKS
77 Wesley Street, South Dunedin
Tender
3
1
House",https://www.realestate.co.nz/42829658/residential/sale/77-wesley-street-south-dunedin
288,16,"50 Anderton Crescent, Mosgiel
$1,100,000
4",https://www.realestate.co.nz/42799281/residential/sale/50-anderton-crescent-mosgiel
289,16,,https://www.realestate.co.nz/42826534/residential/sale/27-normanby-street-saint-kilda
290,16,,https://www.realestate.co.nz/42820726/residential/sale/10-crosby-street-mornington
291,16,,https://www.realestate.co.nz/42743508/residential/sale/17-freyberg-road-fairfield
292,16,,https://www.realestate.co.nz/42821646/residential/sale/41-43-45a-canongate-dunedin-central
293,16,,https://www.realestate.co.nz/42816394/residential/sale/313-brighton-road-waldronville
294,16,,https://www.realestate.co.nz/42830640/residential/sale/13-doon-street-mosgiel
295,16,,https://www.realestate.co.nz/42809364/residential/sale/42-mckerrow-street-shiel-hill
296,16,,https://www.realestate.co.nz/42826535/residential/sale/1-copeland-street-brighton
297,16,,https://www.realestate.co.nz/42818440/residential/sale/24-antrim-street-normanby
298,16,,https://www.realestate.co.nz/42682158/residential/sale/448-taioma-road-north-taieri
299,16,,https://www.realestate.co.nz/42795384/residential/sale/975-harington-point-road-harington-point
300,16,,https://www.realestate.co.nz/42804129/residential/sale/34a-highgate-belleknowes
301,16,,https://www.realestate.co.nz/42666970/residential/sale/63-cliffs-road-saint-clair
302,16,,https://www.realestate.co.nz/42777107/residential/sale/56-drivers-road-maori-hill
303,16,"Share this listing
Save this listing
Listed 10 months ago
110 Melbourne Street, South Dunedin
INCREDIBLE DEVELOPMENT OPPORTUNITY
7724m2
Section
$5,400,000 Plus GST (if any)",https://www.realestate.co.nz/42617405/residential/sale/110-melbourne-street-south-dunedin
304,17,"Save this listing
944 Harington Point Road, Harington Point
Negotiation
Section",https://www.realestate.co.nz/42778372/residential/sale/944-harington-point-road-harington-point
305,17,"Save this listing
OPEN HOME TODAY
27 Normanby Street, Saint Kilda
Deadline Sale
3
1
House",https://www.realestate.co.nz/42826534/residential/sale/27-normanby-street-saint-kilda
306,17,"Save this listing
OPEN HOME TODAY
28 Bathgate Street, South Dunedin
Negotiation
3
2
House",https://www.realestate.co.nz/42809209/residential/sale/28-bathgate-street-south-dunedin
307,17,"7 Ella Lane, Green Island
Negotiation
3",https://www.realestate.co.nz/42821971/residential/sale/7-ella-lane-green-island
308,17,,https://www.realestate.co.nz/42818246/residential/sale/81-gilkison-street-halfway-bush
309,17,,https://www.realestate.co.nz/42820834/residential/sale/16-pinfold-place-mosgiel
310,17,,https://www.realestate.co.nz/42830641/residential/sale/18-doon-street-mosgiel
311,17,,https://www.realestate.co.nz/42817368/residential/sale/24-tyne-street-mosgiel
312,17,,https://www.realestate.co.nz/42787139/residential/sale/7-hoylake-street-outram
313,17,,https://www.realestate.co.nz/42752374/residential/sale/34-arran-street-mosgiel
314,17,,https://www.realestate.co.nz/42748794/residential/sale/a-13-quarry-road-mosgiel
315,17,,https://www.realestate.co.nz/42743508/residential/sale/17-freyberg-road-fairfield
316,17,,https://www.realestate.co.nz/42826274/residential/sale/136-riselaw-road-calton-hill
317,17,,https://www.realestate.co.nz/42826540/residential/sale/55-murray-street-mosgiel
318,17,,https://www.realestate.co.nz/42682158/residential/sale/448-taioma-road-north-taieri
319,17,,https://www.realestate.co.nz/42816394/residential/sale/313-brighton-road-waldronville
320,17,,https://www.realestate.co.nz/42817491/residential/sale/167a-bay-view-road-south-dunedin
321,17,,https://www.realestate.co.nz/42825725/residential/sale/53-district-road-green-island
322,17,"Share this listing
Save this listing
Listed 10 months ago
110 Melbourne Street, South Dunedin
INCREDIBLE DEVELOPMENT OPPORTUNITY
7724m2
Section
$5,400,000 Plus GST (if any)",https://www.realestate.co.nz/42617405/residential/sale/110-melbourne-street-south-dunedin
323,18,"Save this listing
11 Ings Avenue, Saint Clair
Negotiation
5
2
House",https://www.realestate.co.nz/42766195/residential/sale/11-ings-avenue-saint-clair
324,18,"Save this listing
30 Richardson Street, Saint Kilda
Negotiation
3
1
House",https://www.realestate.co.nz/42817893/residential/sale/30-richardson-street-saint-kilda
325,18,"Save this listing
4 Elwyn Crescent, GREEN ISLAND
$365,000
2
1
Unit",https://www.realestate.co.nz/42818005/residential/sale/4-elwyn-crescent-green-island
326,18,"81 Gilkison Street, Halfway Bush
$695,000
3",https://www.realestate.co.nz/42818246/residential/sale/81-gilkison-street-halfway-bush
327,18,,https://www.realestate.co.nz/42812047/residential/sale/1-glenross-street-glenross
328,18,,https://www.realestate.co.nz/42825406/residential/sale/108-marlow-street-musselburgh
329,18,,https://www.realestate.co.nz/42821380/residential/sale/2-waireka-street-ravensbourne
330,18,,https://www.realestate.co.nz/42825008/residential/sale/23-forfar-street-mosgiel
331,18,,https://www.realestate.co.nz/42752374/residential/sale/34-arran-street-mosgiel
332,18,,https://www.realestate.co.nz/42816556/residential/sale/20-dorset-street-balaclava
333,18,,https://www.realestate.co.nz/42750192/residential/sale/30-stonelaw-terrace-maori-hill
334,18,,https://www.realestate.co.nz/42829824/residential/sale/11-merlin-street-roslyn
335,18,,https://www.realestate.co.nz/42666970/residential/sale/63-cliffs-road-saint-clair
336,18,,https://www.realestate.co.nz/42761532/residential/sale/3-strathmore-crescent-roslyn
337,18,,https://www.realestate.co.nz/42755572/residential/sale/25-highgrove-saint-clair
338,18,,https://www.realestate.co.nz/42816952/residential/sale/17-bell-crescent-concord
339,18,,https://www.realestate.co.nz/42815388/residential/sale/27-27a-brunel-street-mornington
340,18,,https://www.realestate.co.nz/42817491/residential/sale/167a-bay-view-road-south-dunedin
341,18,"Share this listing
Save this listing
Listed 10 months ago
110 Melbourne Street, South Dunedin
INCREDIBLE DEVELOPMENT OPPORTUNITY
7724m2
Section
$5,400,000 Plus GST (if any)",https://www.realestate.co.nz/42617405/residential/sale/110-melbourne-street-south-dunedin
342,19,"Save this listing
67c Royal Crescent, Saint Kilda
Enquiries Over $619,000
2
2
House",https://www.realestate.co.nz/42823739/residential/sale/67c-royal-crescent-saint-kilda
343,19,"Save this listing
OPEN HOME TODAY
A/41 Rona Street, Saint Kilda
Deadline Sale
2
1
Unit",https://www.realestate.co.nz/42830112/residential/sale/a-41-rona-street-saint-kilda
344,19,"Save this listing
81 Gilkison Street, Halfway Bush
$695,000
3
1
House",https://www.realestate.co.nz/42818246/residential/sale/81-gilkison-street-halfway-bush
345,19,"OPEN HOME TODAY
625 Andersons Bay Road, Musselburgh
Auction
2",https://www.realestate.co.nz/42822143/residential/sale/625-andersons-bay-road-musselburgh
346,19,,https://www.realestate.co.nz/42811125/residential/sale/138-coast-road-warrington
347,19,,https://www.realestate.co.nz/42819682/rural/sale/462-waitati-valley-road-upper-waitati
348,19,,https://www.realestate.co.nz/42799557/residential/sale/10-geelong-street-waikouaiti
349,19,,https://www.realestate.co.nz/42828455/residential/sale/17-viscount-road-waldronville
350,19,,https://www.realestate.co.nz/42830640/residential/sale/13-doon-street-mosgiel
351,19,,https://www.realestate.co.nz/42816872/residential/sale/14-upland-street-helensburgh
352,19,,https://www.realestate.co.nz/42799281/residential/sale/50-anderton-crescent-mosgiel
353,19,,https://www.realestate.co.nz/42817823/residential/sale/29-franklin-street-dalmore
354,19,,https://www.realestate.co.nz/42818005/residential/sale/4-elwyn-crescent-green-island
355,19,,https://www.realestate.co.nz/42825725/residential/sale/53-district-road-green-island
356,19,,https://www.realestate.co.nz/42821645/residential/sale/6-fenty-place-mosgiel
357,19,,https://www.realestate.co.nz/42824329/residential/sale/32-panmure-avenue-calton-hill
358,19,,https://www.realestate.co.nz/42579522/residential/sale/2-60-ann-street-kaikorai
359,19,,https://www.realestate.co.nz/42825290/residential/sale/a-62-david-street-caversham
360,19,"Share this listing
Save this listing
Listed 10 months ago
110 Melbourne Street, South Dunedin
INCREDIBLE DEVELOPMENT OPPORTUNITY
7724m2
Section
$5,400,000 Plus GST (if any)",https://www.realestate.co.nz/42617405/residential/sale/110-melbourne-street-south-dunedin
361,20,"Save this listing
OPEN HOME TODAY
1/2 Clayton Street, Saint Clair
Offers Over $1,349,000
4
3
House",https://www.realestate.co.nz/42755553/residential/sale/1-2-clayton-street-saint-clair
362,20,"Save this listing
32 Panmure Avenue, Calton Hill
Negotiation
4
1
House",https://www.realestate.co.nz/42824329/residential/sale/32-panmure-avenue-calton-hill
363,20,"Save this listing
OPEN HOME TODAY
101 Eglinton Road, Mornington
Negotiation
4
2
House",https://www.realestate.co.nz/42826192/residential/sale/101-eglinton-road-mornington
364,20,"OPEN HOME TODAY
34 Arran Street, Mosgiel
Negotiation
3",https://www.realestate.co.nz/42752374/residential/sale/34-arran-street-mosgiel
365,20,,https://www.realestate.co.nz/42783392/residential/sale/66-cliffs-road-saint-clair
366,20,,https://www.realestate.co.nz/42821137/residential/sale/34-elm-row-dunedin-central
367,20,,https://www.realestate.co.nz/42750192/residential/sale/30-stonelaw-terrace-maori-hill
368,20,,https://www.realestate.co.nz/42809209/residential/sale/28-bathgate-street-south-dunedin
369,20,,https://www.realestate.co.nz/42787139/residential/sale/7-hoylake-street-outram
370,20,,https://www.realestate.co.nz/42762595/residential/sale/32-adderley-terrace-ravensbourne
371,20,,https://www.realestate.co.nz/42821867/residential/sale/20h-brighton-road-green-island
372,20,,https://www.realestate.co.nz/42830746/residential/sale/23-joe-brown-avenue-mosgiel
373,20,,https://www.realestate.co.nz/42820684/residential/sale/8-elmwood-drive-mosgiel
374,20,,https://www.realestate.co.nz/42825689/residential/sale/43-arawa-street-tainui
375,20,,https://www.realestate.co.nz/42817323/residential/sale/14-seaview-terrace-kew
376,20,,https://www.realestate.co.nz/42773358/residential/sale/930-harington-point-road-harington-point
377,20,,https://www.realestate.co.nz/42744500/residential/sale/64-grimness-street-karitane
378,20,,https://www.realestate.co.nz/42826544/residential/sale/19-silverton-street-andersons-bay
379,20,"Share this listing
Save this listing
Listed 10 months ago
110 Melbourne Street, South Dunedin
INCREDIBLE DEVELOPMENT OPPORTUNITY
7724m2
Section
$5,400,000 Plus GST (if any)",https://www.realestate.co.nz/42617405/residential/sale/110-melbourne-street-south-dunedin
380,21,"Save this listing
OPEN HOME TODAY
55 Murray Street, Mosgiel
Offers Over $549,000
3
1
House",https://www.realestate.co.nz/42826540/residential/sale/55-murray-street-mosgiel
381,21,"Save this listing
OPEN HOME TODAY
17 Freyberg Road, Fairfield
Negotiation
3
2
House",https://www.realestate.co.nz/42743508/residential/sale/17-freyberg-road-fairfield
382,21,"Save this listing
OPEN HOME TODAY
A/62 David Street, Caversham
Negotiation
2
1
Townhouse",https://www.realestate.co.nz/42825290/residential/sale/a-62-david-street-caversham
383,21,"AUCTION IN 2 WEEKS
19 Silverton Street, Andersons Bay
Auction
3",https://www.realestate.co.nz/42826544/residential/sale/19-silverton-street-andersons-bay
384,21,,https://www.realestate.co.nz/42824329/residential/sale/32-panmure-avenue-calton-hill
385,21,,https://www.realestate.co.nz/42814219/residential/sale/55a-havelock-street-mornington
386,21,,https://www.realestate.co.nz/42829855/residential/sale/49-baker-street-caversham
387,21,,https://www.realestate.co.nz/42821679/residential/sale/16-mccarthy-court-east-taieri
388,21,,https://www.realestate.co.nz/42824735/residential/sale/51-bayfield-road-andersons-bay
389,21,,https://www.realestate.co.nz/42815385/residential/sale/114a-114b-macandrew-road-south-dunedin
390,21,,https://www.realestate.co.nz/42799763/residential/sale/6a-king-street-mosgiel
391,21,,https://www.realestate.co.nz/42829824/residential/sale/11-merlin-street-roslyn
392,21,,https://www.realestate.co.nz/42820726/residential/sale/10-crosby-street-mornington
393,21,,https://www.realestate.co.nz/42817613/residential/sale/59-burns-street-south-dunedin
394,21,,https://www.realestate.co.nz/42777857/residential/sale/10-garfield-avenue-roslyn
395,21,,https://www.realestate.co.nz/42820834/residential/sale/16-pinfold-place-mosgiel
396,21,,https://www.realestate.co.nz/42799281/residential/sale/50-anderton-crescent-mosgiel
397,21,,https://www.realestate.co.nz/42796384/residential/sale/1140-coast-road-karitane-dunedin-central
398,21,"Share this listing
Save this listing
Listed 10 months ago
110 Melbourne Street, South Dunedin
INCREDIBLE DEVELOPMENT OPPORTUNITY
7724m2
Section
$5,400,000 Plus GST (if any)",https://www.realestate.co.nz/42617405/residential/sale/110-melbourne-street-south-dunedin
399,22,"Save this listing
OPEN HOME TODAY
63 Cliffs Road, Saint Clair
Negotiation
3
2
House",https://www.realestate.co.nz/42666970/residential/sale/63-cliffs-road-saint-clair
400,22,"Save this listing
OPEN HOME TODAY
43 Oregon Street, Ocean Grove
Negotiation
5
2
House",https://www.realestate.co.nz/42826059/residential/sale/43-oregon-street-ocean-grove
401,22,"Save this listing
AUCTION IN 2 WEEKS
19 Silverton Street, Andersons Bay
Auction
3
1
House",https://www.realestate.co.nz/42826544/residential/sale/19-silverton-street-andersons-bay
402,22,"44 Turnbull Street, Brockville
Negotiation
3",https://www.realestate.co.nz/42829946/residential/sale/44-turnbull-street-brockville
403,22,,https://www.realestate.co.nz/42828623/residential/sale/2-centennial-road-fairfield
404,22,,https://www.realestate.co.nz/42785233/residential/sale/2l-clayton-street-saint-clair
405,22,,https://www.realestate.co.nz/42773358/residential/sale/930-harington-point-road-harington-point
406,22,,https://www.realestate.co.nz/42830640/residential/sale/13-doon-street-mosgiel
407,22,,https://www.realestate.co.nz/42820834/residential/sale/16-pinfold-place-mosgiel
408,22,,https://www.realestate.co.nz/42611826/residential/sale/195-wakari-road-helensburgh
409,22,,https://www.realestate.co.nz/42817823/residential/sale/29-franklin-street-dalmore
410,22,,https://www.realestate.co.nz/42826534/residential/sale/27-normanby-street-saint-kilda
411,22,,https://www.realestate.co.nz/42828455/residential/sale/17-viscount-road-waldronville
412,22,,https://www.realestate.co.nz/42822101/residential/sale/74-st-leonards-drive-saint-leonards
413,22,,https://www.realestate.co.nz/42826192/residential/sale/101-eglinton-road-mornington
414,22,,https://www.realestate.co.nz/42826610/residential/sale/26-carson-street-mornington
415,22,,https://www.realestate.co.nz/42803283/residential/sale/242-helensburgh-road-helensburgh
416,22,,https://www.realestate.co.nz/42815388/residential/sale/27-27a-brunel-street-mornington
417,22,"Share this listing
Save this listing
Listed 10 months ago
110 Melbourne Street, South Dunedin
INCREDIBLE DEVELOPMENT OPPORTUNITY
7724m2
Section
$5,400,000 Plus GST (if any)",https://www.realestate.co.nz/42617405/residential/sale/110-melbourne-street-south-dunedin
418,23,"Save this listing
40 And 42 Waldron Crescent, Green Island
Offers Over $139,000
Section",https://www.realestate.co.nz/42814277/residential/sale/40-and-42-waldron-crescent-green-island
419,23,"Save this listing
OPEN HOME TODAY
14 Seaview Terrace, KEW
Deadline Sale
3
1
House",https://www.realestate.co.nz/42817323/residential/sale/14-seaview-terrace-kew
420,23,"Save this listing
OPEN HOME TODAY
A/13 Quarry Road, Mosgiel
Negotiation
3
1
House",https://www.realestate.co.nz/42748794/residential/sale/a-13-quarry-road-mosgiel
421,23,"OPEN HOME TODAY
242 Helensburgh Road, Helensburgh
Offers Over $739,000
3",https://www.realestate.co.nz/42803283/residential/sale/242-helensburgh-road-helensburgh
422,23,,https://www.realestate.co.nz/42826544/residential/sale/19-silverton-street-andersons-bay
423,23,,https://www.realestate.co.nz/42821137/residential/sale/34-elm-row-dunedin-central
424,23,,https://www.realestate.co.nz/42821380/residential/sale/2-waireka-street-ravensbourne
425,23,,https://www.realestate.co.nz/42813664/residential/sale/c-92-eglinton-road-mornington
426,23,,https://www.realestate.co.nz/42830112/residential/sale/a-41-rona-street-saint-kilda
427,23,,https://www.realestate.co.nz/42820963/residential/sale/140-lynn-street-wakari
428,23,,https://www.realestate.co.nz/42809739/residential/sale/5-torr-street-vauxhall
429,23,,https://www.realestate.co.nz/42773372/residential/sale/928-harington-point-road-harington-point
430,23,,https://www.realestate.co.nz/42809364/residential/sale/42-mckerrow-street-shiel-hill
431,23,,https://www.realestate.co.nz/42809035/residential/sale/36-marlow-street-units-1-8-saint-kilda
432,23,,https://www.realestate.co.nz/42824329/residential/sale/32-panmure-avenue-calton-hill
433,23,,https://www.realestate.co.nz/42761532/residential/sale/3-strathmore-crescent-roslyn
434,23,,https://www.realestate.co.nz/42755553/residential/sale/1-2-clayton-street-saint-clair
435,23,,https://www.realestate.co.nz/42748288/residential/sale/11-belgrave-crescent-kaikorai
436,23,"Share this listing
Save this listing
Listed 10 months ago
110 Melbourne Street, South Dunedin
INCREDIBLE DEVELOPMENT OPPORTUNITY
7724m2
Section
$5,400,000 Plus GST (if any)",https://www.realestate.co.nz/42617405/residential/sale/110-melbourne-street-south-dunedin
437,24,"Save this listing
51 Manor Place, Dunedin Central
Negotiation
7
5
House",https://www.realestate.co.nz/42804784/residential/sale/51-manor-place-dunedin-central
438,24,"Save this listing
C/92 Eglinton Road, Mornington
Enquiries Over $439,000
2
1
Unit",https://www.realestate.co.nz/42813664/residential/sale/c-92-eglinton-road-mornington
439,24,"Save this listing
OPEN HOME TODAY
244 Pine Hill Road, Liberton
Deadline Sale
2
1
House",https://www.realestate.co.nz/42829521/residential/sale/244-pine-hill-road-liberton
440,24,"OPEN HOME TODAY
12 Dryden Street, Mosgiel
Negotiation
4",https://www.realestate.co.nz/42823001/residential/sale/12-dryden-street-mosgiel
441,24,,https://www.realestate.co.nz/42830112/residential/sale/a-41-rona-street-saint-kilda
442,24,,https://www.realestate.co.nz/42828455/residential/sale/17-viscount-road-waldronville
443,24,,https://www.realestate.co.nz/42809035/residential/sale/36-marlow-street-units-1-8-saint-kilda
444,24,,https://www.realestate.co.nz/42817914/residential/sale/22-glenelg-street-bradford
445,24,,https://www.realestate.co.nz/42817298/residential/sale/19-tweed-street-roslyn
446,24,,https://www.realestate.co.nz/42815385/residential/sale/114a-114b-macandrew-road-south-dunedin
447,24,,https://www.realestate.co.nz/42824752/residential/sale/44-brighton-road-green-island
448,24,,https://www.realestate.co.nz/42824233/residential/sale/53-lawrence-street-mornington
449,24,,https://www.realestate.co.nz/42800808/residential/sale/161-main-road-fairfield
450,24,,https://www.realestate.co.nz/42817823/residential/sale/29-franklin-street-dalmore
451,24,,https://www.realestate.co.nz/42682158/residential/sale/448-taioma-road-north-taieri
452,24,,https://www.realestate.co.nz/42743508/residential/sale/17-freyberg-road-fairfield
453,24,,https://www.realestate.co.nz/42825008/residential/sale/23-forfar-street-mosgiel
454,24,,https://www.realestate.co.nz/42773372/residential/sale/928-harington-point-road-harington-point
455,24,"Share this listing
Save this listing
Listed 10 months ago
110 Melbourne Street, South Dunedin
INCREDIBLE DEVELOPMENT OPPORTUNITY
7724m2
Section
$5,400,000 Plus GST (if any)",https://www.realestate.co.nz/42617405/residential/sale/110-melbourne-street-south-dunedin
456,25,"Save this listing
OPEN HOME TODAY
1/2 Clayton Street, Saint Clair
Offers Over $1,349,000
4
3
House",https://www.realestate.co.nz/42755553/residential/sale/1-2-clayton-street-saint-clair
457,25,"Save this listing
32 Panmure Avenue, Calton Hill
Negotiation
4
1
House",https://www.realestate.co.nz/42824329/residential/sale/32-panmure-avenue-calton-hill
458,25,"Save this listing
OPEN HOME TODAY
101 Eglinton Road, Mornington
Negotiation
4
2
House",https://www.realestate.co.nz/42826192/residential/sale/101-eglinton-road-mornington
459,25,"OPEN HOME TODAY
34 Arran Street, Mosgiel
Negotiation
3",https://www.realestate.co.nz/42752374/residential/sale/34-arran-street-mosgiel
460,25,,https://www.realestate.co.nz/42783392/residential/sale/66-cliffs-road-saint-clair
461,25,,https://www.realestate.co.nz/42821137/residential/sale/34-elm-row-dunedin-central
462,25,,https://www.realestate.co.nz/42750192/residential/sale/30-stonelaw-terrace-maori-hill
463,25,,https://www.realestate.co.nz/42809209/residential/sale/28-bathgate-street-south-dunedin
464,25,,https://www.realestate.co.nz/42787139/residential/sale/7-hoylake-street-outram
465,25,,https://www.realestate.co.nz/42762595/residential/sale/32-adderley-terrace-ravensbourne
466,25,,https://www.realestate.co.nz/42821867/residential/sale/20h-brighton-road-green-island
467,25,,https://www.realestate.co.nz/42830746/residential/sale/23-joe-brown-avenue-mosgiel
468,25,,https://www.realestate.co.nz/42820684/residential/sale/8-elmwood-drive-mosgiel
469,25,,https://www.realestate.co.nz/42825689/residential/sale/43-arawa-street-tainui
470,25,,https://www.realestate.co.nz/42817323/residential/sale/14-seaview-terrace-kew
471,25,,https://www.realestate.co.nz/42773358/residential/sale/930-harington-point-road-harington-point
472,25,,https://www.realestate.co.nz/42744500/residential/sale/64-grimness-street-karitane
473,25,,https://www.realestate.co.nz/42826544/residential/sale/19-silverton-street-andersons-bay
474,25,"Share this listing
Save this listing
Listed 10 months ago
110 Melbourne Street, South Dunedin
INCREDIBLE DEVELOPMENT OPPORTUNITY
7724m2
Section
$5,400,000 Plus GST (if any)",https://www.realestate.co.nz/42617405/residential/sale/110-melbourne-street-south-dunedin
475,26,"Save this listing
4 Elwyn Crescent, GREEN ISLAND
$365,000
2
1
Unit",https://www.realestate.co.nz/42818005/residential/sale/4-elwyn-crescent-green-island
476,26,"Save this listing
OPEN HOME TODAY
2 Centennial Road, Fairfield
Deadline Sale
3
1
House",https://www.realestate.co.nz/42828623/residential/sale/2-centennial-road-fairfield
477,26,"Save this listing
OPEN HOME TODAY
34 Arran Street, Mosgiel
Negotiation
3
2
House",https://www.realestate.co.nz/42752374/residential/sale/34-arran-street-mosgiel
478,26,"1 Glenross Street, Glenross
Enquiries Over $539,000
3",https://www.realestate.co.nz/42812047/residential/sale/1-glenross-street-glenross
479,26,,https://www.realestate.co.nz/42796384/residential/sale/1140-coast-road-karitane-dunedin-central
480,26,,https://www.realestate.co.nz/42829525/residential/sale/17-collins-street-waikouaiti
481,26,,https://www.realestate.co.nz/42817893/residential/sale/30-richardson-street-saint-kilda
482,26,,https://www.realestate.co.nz/42804129/residential/sale/34a-highgate-belleknowes
483,26,,https://www.realestate.co.nz/42755572/residential/sale/25-highgrove-saint-clair
484,26,,https://www.realestate.co.nz/42579522/residential/sale/2-60-ann-street-kaikorai
485,26,,https://www.realestate.co.nz/42809209/residential/sale/28-bathgate-street-south-dunedin
486,26,,https://www.realestate.co.nz/42777857/residential/sale/10-garfield-avenue-roslyn
487,26,,https://www.realestate.co.nz/42799281/residential/sale/50-anderton-crescent-mosgiel
488,26,,https://www.realestate.co.nz/42825008/residential/sale/23-forfar-street-mosgiel
489,26,,https://www.realestate.co.nz/42804784/residential/sale/51-manor-place-dunedin-central
490,26,,https://www.realestate.co.nz/42817366/residential/sale/6-doon-street-vauxhall
491,26,,https://www.realestate.co.nz/42820834/residential/sale/16-pinfold-place-mosgiel
492,26,,https://www.realestate.co.nz/42825820/residential/sale/375-rattray-street-dunedin-central
493,26,"Share this listing
Save this listing
Listed 10 months ago
110 Melbourne Street, South Dunedin
INCREDIBLE DEVELOPMENT OPPORTUNITY
7724m2
Section
$5,400,000 Plus GST (if any)",https://www.realestate.co.nz/42617405/residential/sale/110-melbourne-street-south-dunedin
494,27,"Save this listing
OPEN HOME TODAY
27 Normanby Street, Saint Kilda
Deadline Sale
3
1
House",https://www.realestate.co.nz/42826534/residential/sale/27-normanby-street-saint-kilda
495,27,"Save this listing
OPEN HOME TODAY
101 Eglinton Road, Mornington
Negotiation
4
2
House",https://www.realestate.co.nz/42826192/residential/sale/101-eglinton-road-mornington
496,27,"Save this listing
OPEN HOME TODAY
63 Cliffs Road, Saint Clair
Negotiation
3
2
House",https://www.realestate.co.nz/42666970/residential/sale/63-cliffs-road-saint-clair
497,27,"22 Glenelg Street, Bradford
Negotiation
3",https://www.realestate.co.nz/42817914/residential/sale/22-glenelg-street-bradford
498,27,,https://www.realestate.co.nz/42799557/residential/sale/10-geelong-street-waikouaiti
499,27,,https://www.realestate.co.nz/42826608/residential/sale/9-lowe-street-pine-hill
500,27,,https://www.realestate.co.nz/42830112/residential/sale/a-41-rona-street-saint-kilda
501,27,,https://www.realestate.co.nz/42783392/residential/sale/66-cliffs-road-saint-clair
502,27,,https://www.realestate.co.nz/42819682/rural/sale/462-waitati-valley-road-upper-waitati
503,27,,https://www.realestate.co.nz/42755572/residential/sale/25-highgrove-saint-clair
504,27,,https://www.realestate.co.nz/42755553/residential/sale/1-2-clayton-street-saint-clair
505,27,,https://www.realestate.co.nz/42820684/residential/sale/8-elmwood-drive-mosgiel
506,27,,https://www.realestate.co.nz/42749951/residential/sale/35-green-island-bush-road-blackhead
507,27,,https://www.realestate.co.nz/42611826/residential/sale/195-wakari-road-helensburgh
508,27,,https://www.realestate.co.nz/42785233/residential/sale/2l-clayton-street-saint-clair
509,27,,https://www.realestate.co.nz/42829824/residential/sale/11-merlin-street-roslyn
510,27,,https://www.realestate.co.nz/42798089/residential/sale/64-mckerrow-street-shiel-hill
511,27,,https://www.realestate.co.nz/42787688/residential/sale/14-junction-road-ravensbourne
512,27,"Share this listing
Save this listing
Listed 10 months ago
110 Melbourne Street, South Dunedin
INCREDIBLE DEVELOPMENT OPPORTUNITY
7724m2
Section
$5,400,000 Plus GST (if any)",https://www.realestate.co.nz/42617405/residential/sale/110-melbourne-street-south-dunedin
513,28,"Save this listing
TENDER IN 3 WEEKS
77 Wesley Street, South Dunedin
Tender
3
1
House",https://www.realestate.co.nz/42829658/residential/sale/77-wesley-street-south-dunedin
514,28,"Save this listing
OPEN HOME TODAY
6 Fenty Place, Mosgiel
Negotiation
5
2
House",https://www.realestate.co.nz/42821645/residential/sale/6-fenty-place-mosgiel
515,28,"Save this listing
51 Manor Place, Dunedin Central
Negotiation
7
5
House",https://www.realestate.co.nz/42804784/residential/sale/51-manor-place-dunedin-central
516,28,"8 Elmwood Drive, Mosgiel
$585,000
3",https://www.realestate.co.nz/42820684/residential/sale/8-elmwood-drive-mosgiel
517,28,,https://www.realestate.co.nz/42826610/residential/sale/26-carson-street-mornington
518,28,,https://www.realestate.co.nz/42787688/residential/sale/14-junction-road-ravensbourne
519,28,,https://www.realestate.co.nz/42811125/residential/sale/138-coast-road-warrington
520,28,,https://www.realestate.co.nz/42799763/residential/sale/6a-king-street-mosgiel
521,28,,https://www.realestate.co.nz/42816394/residential/sale/313-brighton-road-waldronville
522,28,,https://www.realestate.co.nz/42816556/residential/sale/20-dorset-street-balaclava
523,28,,https://www.realestate.co.nz/42828455/residential/sale/17-viscount-road-waldronville
524,28,,https://www.realestate.co.nz/42755572/residential/sale/25-highgrove-saint-clair
525,28,,https://www.realestate.co.nz/42821137/residential/sale/34-elm-row-dunedin-central
526,28,,https://www.realestate.co.nz/42803283/residential/sale/242-helensburgh-road-helensburgh
527,28,,https://www.realestate.co.nz/42817298/residential/sale/19-tweed-street-roslyn
528,28,,https://www.realestate.co.nz/42812047/residential/sale/1-glenross-street-glenross
529,28,,https://www.realestate.co.nz/42826192/residential/sale/101-eglinton-road-mornington
530,28,,https://www.realestate.co.nz/42807571/residential/sale/62-ascot-street-saint-kilda
531,28,"Share this listing
Save this listing
Listed 10 months ago
110 Melbourne Street, South Dunedin
INCREDIBLE DEVELOPMENT OPPORTUNITY
7724m2
Section
$5,400,000 Plus GST (if any)",https://www.realestate.co.nz/42617405/residential/sale/110-melbourne-street-south-dunedin
532,29,"Save this listing
OPEN HOME TODAY
18 Doon Street, Mosgiel
Deadline Sale
3
1
House",https://www.realestate.co.nz/42830641/residential/sale/18-doon-street-mosgiel
533,29,"Save this listing
1 Copeland Street, Brighton
Negotiation
1
1
House",https://www.realestate.co.nz/42826535/residential/sale/1-copeland-street-brighton
534,29,"Save this listing
OPEN HOME TODAY
108 Marlow Street, Musselburgh
Offers Over $499,000
4
1
House",https://www.realestate.co.nz/42825406/residential/sale/108-marlow-street-musselburgh
535,29,"177 Albany Street, North Dunedin
$725,000
5",https://www.realestate.co.nz/42824903/residential/sale/177-albany-street-north-dunedin
536,29,,https://www.realestate.co.nz/42818440/residential/sale/24-antrim-street-normanby
537,29,,https://www.realestate.co.nz/42783392/residential/sale/66-cliffs-road-saint-clair
538,29,,https://www.realestate.co.nz/42826059/residential/sale/43-oregon-street-ocean-grove
539,29,,https://www.realestate.co.nz/42797512/residential/sale/2a-braeside-east-taieri-mosgiel
540,29,,https://www.realestate.co.nz/42826274/residential/sale/136-riselaw-road-calton-hill
541,29,,https://www.realestate.co.nz/42795384/residential/sale/975-harington-point-road-harington-point
542,29,,https://www.realestate.co.nz/42798089/residential/sale/64-mckerrow-street-shiel-hill
543,29,,https://www.realestate.co.nz/42821645/residential/sale/6-fenty-place-mosgiel
544,29,,https://www.realestate.co.nz/42752374/residential/sale/34-arran-street-mosgiel
545,29,,https://www.realestate.co.nz/42800808/residential/sale/161-main-road-fairfield
546,29,,https://www.realestate.co.nz/42817893/residential/sale/30-richardson-street-saint-kilda
547,29,,https://www.realestate.co.nz/42830315/residential/sale/1-wynyard-street-south-dunedin
548,29,,https://www.realestate.co.nz/42829658/residential/sale/77-wesley-street-south-dunedin
549,29,,https://www.realestate.co.nz/42817298/residential/sale/19-tweed-street-roslyn
550,29,"Share this listing
Save this listing
Listed 10 months ago
110 Melbourne Street, South Dunedin
INCREDIBLE DEVELOPMENT OPPORTUNITY
7724m2
Section
$5,400,000 Plus GST (if any)",https://www.realestate.co.nz/42617405/residential/sale/110-melbourne-street-south-dunedin
551,30,"Save this listing
OPEN HOME TODAY
A/13 Quarry Road, Mosgiel
Negotiation
3
1
House",https://www.realestate.co.nz/42748794/residential/sale/a-13-quarry-road-mosgiel
552,30,"Save this listing
AUCTION IN 2 WEEKS
43 Arawa Street, Tainui
Auction
Section",https://www.realestate.co.nz/42825689/residential/sale/43-arawa-street-tainui
553,30,"Save this listing
16 McCarthy Court, East Taieri
Negotiation
4
3
House",https://www.realestate.co.nz/42821679/residential/sale/16-mccarthy-court-east-taieri
554,30,"OPEN HOME TODAY
55 Murray Street, Mosgiel
Offers Over $549,000
3",https://www.realestate.co.nz/42826540/residential/sale/55-murray-street-mosgiel
555,30,,https://www.realestate.co.nz/42809035/residential/sale/36-marlow-street-units-1-8-saint-kilda
556,30,,https://www.realestate.co.nz/42817366/residential/sale/6-doon-street-vauxhall
557,30,,https://www.realestate.co.nz/42811125/residential/sale/138-coast-road-warrington
558,30,,https://www.realestate.co.nz/42829521/residential/sale/244-pine-hill-road-liberton
559,30,,https://www.realestate.co.nz/42826535/residential/sale/1-copeland-street-brighton
560,30,,https://www.realestate.co.nz/42821867/residential/sale/20h-brighton-road-green-island
561,30,,https://www.realestate.co.nz/42812047/residential/sale/1-glenross-street-glenross
562,30,,https://www.realestate.co.nz/42820963/residential/sale/140-lynn-street-wakari
563,30,,https://www.realestate.co.nz/42773372/residential/sale/928-harington-point-road-harington-point
564,30,,https://www.realestate.co.nz/42825290/residential/sale/a-62-david-street-caversham
565,30,,https://www.realestate.co.nz/42829525/residential/sale/17-collins-street-waikouaiti
566,30,,https://www.realestate.co.nz/42828455/residential/sale/17-viscount-road-waldronville
567,30,,https://www.realestate.co.nz/42827824/residential/sale/8-flower-street-fairfield
568,30,,https://www.realestate.co.nz/42787139/residential/sale/7-hoylake-street-outram
569,30,"Share this listing
Save this listing
Listed 10 months ago
110 Melbourne Street, South Dunedin
INCREDIBLE DEVELOPMENT OPPORTUNITY
7724m2
Section
$5,400,000 Plus GST (if any)",https://www.realestate.co.nz/42617405/residential/sale/110-melbourne-street-south-dunedin
570,31,"Save this listing
59 Burns Street, South Dunedin
$1,485,000
10
10
Unit",https://www.realestate.co.nz/42817613/residential/sale/59-burns-street-south-dunedin
571,31,"Save this listing
OPEN HOME TODAY
43 Oregon Street, Ocean Grove
Negotiation
5
2
House",https://www.realestate.co.nz/42826059/residential/sale/43-oregon-street-ocean-grove
572,31,"Save this listing
20H Brighton Road, Green Island
Negotiation
5
2
House",https://www.realestate.co.nz/42821867/residential/sale/20h-brighton-road-green-island
573,31,"928 Harington Point Road, Harington Point
Negotiation
2",https://www.realestate.co.nz/42773372/residential/sale/928-harington-point-road-harington-point
574,31,,https://www.realestate.co.nz/42813664/residential/sale/c-92-eglinton-road-mornington
575,31,,https://www.realestate.co.nz/42827824/residential/sale/8-flower-street-fairfield
576,31,,https://www.realestate.co.nz/42809035/residential/sale/36-marlow-street-units-1-8-saint-kilda
577,31,,https://www.realestate.co.nz/42797512/residential/sale/2a-braeside-east-taieri-mosgiel
578,31,,https://www.realestate.co.nz/42830315/residential/sale/1-wynyard-street-south-dunedin
579,31,,https://www.realestate.co.nz/42755572/residential/sale/25-highgrove-saint-clair
580,31,,https://www.realestate.co.nz/42822101/residential/sale/74-st-leonards-drive-saint-leonards
581,31,,https://www.realestate.co.nz/42828623/residential/sale/2-centennial-road-fairfield
582,31,,https://www.realestate.co.nz/42821645/residential/sale/6-fenty-place-mosgiel
583,31,,https://www.realestate.co.nz/42829855/residential/sale/49-baker-street-caversham
584,31,,https://www.realestate.co.nz/42826544/residential/sale/19-silverton-street-andersons-bay
585,31,,https://www.realestate.co.nz/42817893/residential/sale/30-richardson-street-saint-kilda
586,31,,https://www.realestate.co.nz/42821646/residential/sale/41-43-45a-canongate-dunedin-central
587,31,,https://www.realestate.co.nz/42749951/residential/sale/35-green-island-bush-road-blackhead
588,31,"Share this listing
Save this listing
Listed 10 months ago
110 Melbourne Street, South Dunedin
INCREDIBLE DEVELOPMENT OPPORTUNITY
7724m2
Section
$5,400,000 Plus GST (if any)",https://www.realestate.co.nz/42617405/residential/sale/110-melbourne-street-south-dunedin
589,32,"Save this listing
30 Richardson Street, Saint Kilda
Negotiation
3
1
House",https://www.realestate.co.nz/42817893/residential/sale/30-richardson-street-saint-kilda
590,32,"Save this listing
OPEN HOME TODAY
2 Centennial Road, Fairfield
Deadline Sale
3
1
House",https://www.realestate.co.nz/42828623/residential/sale/2-centennial-road-fairfield
591,32,"Save this listing
OPEN HOME TODAY
5 Torr Street, Vauxhall
Offers Over $1,750,000
4
3
House",https://www.realestate.co.nz/42809739/residential/sale/5-torr-street-vauxhall
592,32,"10 Geelong Street, Waikouaiti
Enquiries Over $775,000
3",https://www.realestate.co.nz/42799557/residential/sale/10-geelong-street-waikouaiti
593,32,,https://www.realestate.co.nz/42813664/residential/sale/c-92-eglinton-road-mornington
594,32,,https://www.realestate.co.nz/42748288/residential/sale/11-belgrave-crescent-kaikorai
595,32,,https://www.realestate.co.nz/42611826/residential/sale/195-wakari-road-helensburgh
596,32,,https://www.realestate.co.nz/42816872/residential/sale/14-upland-street-helensburgh
597,32,,https://www.realestate.co.nz/42829658/residential/sale/77-wesley-street-south-dunedin
598,32,,https://www.realestate.co.nz/42682158/residential/sale/448-taioma-road-north-taieri
599,32,,https://www.realestate.co.nz/42824735/residential/sale/51-bayfield-road-andersons-bay
600,32,,https://www.realestate.co.nz/42829946/residential/sale/44-turnbull-street-brockville
601,32,,https://www.realestate.co.nz/42790427/residential/sale/248a-tirohanga-road-north-taieri
602,32,,https://www.realestate.co.nz/42826544/residential/sale/19-silverton-street-andersons-bay
603,32,,https://www.realestate.co.nz/42631508/residential/sale/1-180-scott-street-waverley
604,32,,https://www.realestate.co.nz/42799281/residential/sale/50-anderton-crescent-mosgiel
605,32,,https://www.realestate.co.nz/42826534/residential/sale/27-normanby-street-saint-kilda
606,32,,https://www.realestate.co.nz/42783392/residential/sale/66-cliffs-road-saint-clair
607,32,"Share this listing
Save this listing
Listed 10 months ago
110 Melbourne Street, South Dunedin
INCREDIBLE DEVELOPMENT OPPORTUNITY
7724m2
Section
$5,400,000 Plus GST (if any)",https://www.realestate.co.nz/42617405/residential/sale/110-melbourne-street-south-dunedin
608,33,"Save this listing
DEADLINE: 8 JUL 2025
34 Elm Row, Dunedin Central
Deadline Sale
5
3
House",https://www.realestate.co.nz/42821137/residential/sale/34-elm-row-dunedin-central
609,33,"Save this listing
32 Panmure Avenue, Calton Hill
Negotiation
4
1
House",https://www.realestate.co.nz/42824329/residential/sale/32-panmure-avenue-calton-hill
610,33,"Save this listing
74 St Leonards Drive, Saint Leonards
Negotiation
4
2
House",https://www.realestate.co.nz/42822101/residential/sale/74-st-leonards-drive-saint-leonards
611,33,"25 Highgrove, Saint Clair
Offers Over $1,700,000
4",https://www.realestate.co.nz/42755572/residential/sale/25-highgrove-saint-clair
612,33,,https://www.realestate.co.nz/42817914/residential/sale/22-glenelg-street-bradford
613,33,,https://www.realestate.co.nz/42817298/residential/sale/19-tweed-street-roslyn
614,33,,https://www.realestate.co.nz/42830641/residential/sale/18-doon-street-mosgiel
615,33,,https://www.realestate.co.nz/42821380/residential/sale/2-waireka-street-ravensbourne
616,33,,https://www.realestate.co.nz/42826544/residential/sale/19-silverton-street-andersons-bay
617,33,,https://www.realestate.co.nz/42820963/residential/sale/140-lynn-street-wakari
618,33,,https://www.realestate.co.nz/42824735/residential/sale/51-bayfield-road-andersons-bay
619,33,,https://www.realestate.co.nz/42809739/residential/sale/5-torr-street-vauxhall
620,33,,https://www.realestate.co.nz/42748288/residential/sale/11-belgrave-crescent-kaikorai
621,33,,https://www.realestate.co.nz/42755553/residential/sale/1-2-clayton-street-saint-clair
622,33,,https://www.realestate.co.nz/42809364/residential/sale/42-mckerrow-street-shiel-hill
623,33,,https://www.realestate.co.nz/42799281/residential/sale/50-anderton-crescent-mosgiel
624,33,,https://www.realestate.co.nz/42826059/residential/sale/43-oregon-street-ocean-grove
625,33,,https://www.realestate.co.nz/42816872/residential/sale/14-upland-street-helensburgh
626,33,"Share this listing
Save this listing
Listed 10 months ago
110 Melbourne Street, South Dunedin
INCREDIBLE DEVELOPMENT OPPORTUNITY
7724m2
Section
$5,400,000 Plus GST (if any)",https://www.realestate.co.nz/42617405/residential/sale/110-melbourne-street-south-dunedin
627,34,"Save this listing
DEADLINE: 8 JUL 2025
34 Elm Row, Dunedin Central
Deadline Sale
5
3
House",https://www.realestate.co.nz/42821137/residential/sale/34-elm-row-dunedin-central
628,34,"Save this listing
OPEN HOME TODAY
17 Viscount Road, Waldronville
Auction
3
1
House",https://www.realestate.co.nz/42828455/residential/sale/17-viscount-road-waldronville
629,34,"Save this listing
OPEN HOME TODAY
9 Lowe Street, Pine Hill
Auction
3
1
House",https://www.realestate.co.nz/42826608/residential/sale/9-lowe-street-pine-hill
630,34,"41/43/45A/ Canongate, Dunedin Central
Enquiries Over $665,000
4",https://www.realestate.co.nz/42821646/residential/sale/41-43-45a-canongate-dunedin-central
631,34,,https://www.realestate.co.nz/42809364/residential/sale/42-mckerrow-street-shiel-hill
632,34,,https://www.realestate.co.nz/42816872/residential/sale/14-upland-street-helensburgh
633,34,,https://www.realestate.co.nz/42783392/residential/sale/66-cliffs-road-saint-clair
634,34,,https://www.realestate.co.nz/42824735/residential/sale/51-bayfield-road-andersons-bay
635,34,,https://www.realestate.co.nz/42752374/residential/sale/34-arran-street-mosgiel
636,34,,https://www.realestate.co.nz/42749951/residential/sale/35-green-island-bush-road-blackhead
637,34,,https://www.realestate.co.nz/42799763/residential/sale/6a-king-street-mosgiel
638,34,,https://www.realestate.co.nz/42811125/residential/sale/138-coast-road-warrington
639,34,,https://www.realestate.co.nz/42814277/residential/sale/40-and-42-waldron-crescent-green-island
640,34,,https://www.realestate.co.nz/42821679/residential/sale/16-mccarthy-court-east-taieri
641,34,,https://www.realestate.co.nz/42826192/residential/sale/101-eglinton-road-mornington
642,34,,https://www.realestate.co.nz/42829946/residential/sale/44-turnbull-street-brockville
643,34,,https://www.realestate.co.nz/42816556/residential/sale/20-dorset-street-balaclava
644,34,,https://www.realestate.co.nz/42748794/residential/sale/a-13-quarry-road-mosgiel
645,34,"Share this listing
Save this listing
Listed 10 months ago
110 Melbourne Street, South Dunedin
INCREDIBLE DEVELOPMENT OPPORTUNITY
7724m2
Section
$5,400,000 Plus GST (if any)",https://www.realestate.co.nz/42617405/residential/sale/110-melbourne-street-south-dunedin
646,35,"Save this listing
OPEN HOME TODAY
5 Torr Street, Vauxhall
Offers Over $1,750,000
4
3
House",https://www.realestate.co.nz/42809739/residential/sale/5-torr-street-vauxhall
647,35,"Save this listing
177 Albany Street, North Dunedin
$725,000
5
1
House",https://www.realestate.co.nz/42824903/residential/sale/177-albany-street-north-dunedin
648,35,"Save this listing
64 McKerrow Street, Shiel Hill
Enquiries Over $849,000
3
3
House",https://www.realestate.co.nz/42798089/residential/sale/64-mckerrow-street-shiel-hill
649,35,"8 Elmwood Drive, Mosgiel
$585,000
3",https://www.realestate.co.nz/42820684/residential/sale/8-elmwood-drive-mosgiel
650,35,,https://www.realestate.co.nz/42820390/residential/sale/13-john-street-abbotsford
651,35,,https://www.realestate.co.nz/42825290/residential/sale/a-62-david-street-caversham
652,35,,https://www.realestate.co.nz/42785233/residential/sale/2l-clayton-street-saint-clair
653,35,,https://www.realestate.co.nz/42799763/residential/sale/6a-king-street-mosgiel
654,35,,https://www.realestate.co.nz/42749951/residential/sale/35-green-island-bush-road-blackhead
655,35,,https://www.realestate.co.nz/42830640/residential/sale/13-doon-street-mosgiel
656,35,,https://www.realestate.co.nz/42826534/residential/sale/27-normanby-street-saint-kilda
657,35,,https://www.realestate.co.nz/42821380/residential/sale/2-waireka-street-ravensbourne
658,35,,https://www.realestate.co.nz/42579522/residential/sale/2-60-ann-street-kaikorai
659,35,,https://www.realestate.co.nz/42828623/residential/sale/2-centennial-road-fairfield
660,35,,https://www.realestate.co.nz/42773358/residential/sale/930-harington-point-road-harington-point
661,35,,https://www.realestate.co.nz/42825008/residential/sale/23-forfar-street-mosgiel
662,35,,https://www.realestate.co.nz/42817914/residential/sale/22-glenelg-street-bradford
663,35,,https://www.realestate.co.nz/42821679/residential/sale/16-mccarthy-court-east-taieri
664,35,"Share this listing
Save this listing
Listed 10 months ago
110 Melbourne Street, South Dunedin
INCREDIBLE DEVELOPMENT OPPORTUNITY
7724m2
Section
$5,400,000 Plus GST (if any)",https://www.realestate.co.nz/42617405/residential/sale/110-melbourne-street-south-dunedin
